<?xml version="1.0" encoding="UTF-8"?>
<project-private xmlns="http://www.netbeans.org/ns/project-private/1">
    <editor-bookmarks xmlns="http://www.netbeans.org/ns/editor-bookmarks/2" lastBookmarkId="0"/>
    <open-files xmlns="http://www.netbeans.org/ns/projectui-open-files/2">
        <group>
            <file>file:/E:/CS%203321%20-%20Software%20Engineering/Learning%20Management%20System/src/learning/management/system/LoginFrame.java</file>
            <file>file:/E:/CS%203321%20-%20Software%20Engineering/Learning%20Management%20System/src/learning/management/system/StudentRegisteredCourses.java</file>
            <file>file:/E:/CS%203321%20-%20Software%20Engineering/Learning%20Management%20System/src/learning/management/system/GPA.java</file>
            <file>file:/E:/CS%203321%20-%20Software%20Engineering/Learning%20Management%20System/src/learning/management/system/StudentsList.java</file>
            <file>file:/E:/CS%203321%20-%20Software%20Engineering/Learning%20Management%20System/src/learning/management/system/MySqlConnect.java</file>
            <file>file:/E:/CS%203321%20-%20Software%20Engineering/Learning%20Management%20System/src/learning/management/system/ExamGrades.java</file>
            <file>file:/E:/CS%203321%20-%20Software%20Engineering/Learning%20Management%20System/src/learning/management/system/CoursesList.java</file>
            <file>file:/E:/CS%203321%20-%20Software%20Engineering/Learning%20Management%20System/src/learning/management/system/LoadingScreeen.java</file>
            <file>file:/E:/CS%203321%20-%20Software%20Engineering/Learning%20Management%20System/src/learning/management/system/LogoutFrame.java</file>
            <file>file:/E:/CS%203321%20-%20Software%20Engineering/Learning%20Management%20System/src/learning/management/system/MainFrame.java</file>
        </group>
    </open-files>
</project-private>
